{
  "IcoMoonType": "selection",
  "icons": [
    {
      "icon": {
        "paths": [
          "M1024 576.853l-444.416 2.048 1.365 444.416-133.803 0.683-2.048-444.416-444.416 1.365-0.683-133.803 444.416-2.048-1.365-444.416 133.803-0.683 2.048 444.416 444.416-1.365z"
        ],
        "attrs": [
          {}
        ],
        "isMulticolor": false,
        "isMulticolor2": false,
        "grid": 0,
        "tags": [
          "Add"
        ]
      },
      "attrs": [
        {}
      ],
      "properties": {
        "order": 184,
        "id": 31,
        "name": "Add",
        "prevSize": 32,
        "code": 59648
      },
      "setIdx": 0,
      "setId": 3,
      "iconIdx": 0
    },
    {
      "icon": {
        "paths": [
          "M1024 721.579l-512-516.779-512 516.779 96.256 97.621 415.744-419.157 415.744 419.157z"
        ],
        "attrs": [
          {}
        ],
        "isMulticolor": false,
        "isMulticolor2": false,
        "grid": 0,
        "tags": [
          "Arrow-collapse"
        ]
      },
      "attrs": [
        {}
      ],
      "properties": {
        "order": 185,
        "id": 30,
        "name": "Arrow-collapse",
        "prevSize": 32,
        "code": 59649
      },
      "setIdx": 0,
      "setId": 3,
      "iconIdx": 1
    },
    {
      "icon": {
        "paths": [
          "M141.995 409.6h740.011l-370.005 341.333z"
        ],
        "attrs": [
          {}
        ],
        "isMulticolor": false,
        "isMulticolor2": false,
        "grid": 0,
        "tags": [
          "Arrow-dropdown"
        ]
      },
      "attrs": [
        {}
      ],
      "properties": {
        "order": 186,
        "id": 29,
        "name": "Arrow-dropdown",
        "prevSize": 32,
        "code": 59650
      },
      "setIdx": 0,
      "setId": 3,
      "iconIdx": 2
    },
    {
      "icon": {
        "paths": [
          "M0 302.421l512 516.779 512-516.779-96.256-97.621-415.744 419.157-415.744-419.157z"
        ],
        "attrs": [
          {}
        ],
        "isMulticolor": false,
        "isMulticolor2": false,
        "grid": 0,
        "tags": [
          "Arrow-expend"
        ]
      },
      "attrs": [
        {}
      ],
      "properties": {
        "order": 187,
        "id": 28,
        "name": "Arrow-expend",
        "prevSize": 32,
        "code": 59651
      },
      "setIdx": 0,
      "setId": 3,
      "iconIdx": 3
    },
    {
      "icon": {
        "paths": [
          "M819.2 963.243l-66.901 60.757-547.499-512 547.499-512 66.901 60.757-479.915 451.243z"
        ],
        "attrs": [
          {}
        ],
        "isMulticolor": false,
        "isMulticolor2": false,
        "grid": 0,
        "tags": [
          "Arrow-left"
        ]
      },
      "attrs": [
        {}
      ],
      "properties": {
        "order": 188,
        "id": 27,
        "name": "Arrow-left",
        "prevSize": 32,
        "code": 59652
      },
      "setIdx": 0,
      "setId": 3,
      "iconIdx": 4
    },
    {
      "icon": {
        "paths": [
          "M204.8 60.757l66.901-60.757 547.499 512-547.499 512-66.901-60.757 479.915-451.243z"
        ],
        "attrs": [
          {}
        ],
        "isMulticolor": false,
        "isMulticolor2": false,
        "grid": 0,
        "tags": [
          "Arrow-right"
        ]
      },
      "attrs": [
        {}
      ],
      "properties": {
        "order": 189,
        "id": 26,
        "name": "Arrow-right",
        "prevSize": 32,
        "code": 59653
      },
      "setIdx": 0,
      "setId": 3,
      "iconIdx": 5
    },
    {
      "icon": {
        "paths": [
          "M721.579 0l-516.779 512 516.779 512 97.621-96.256-419.157-415.744 419.157-415.744z"
        ],
        "attrs": [
          {}
        ],
        "isMulticolor": false,
        "isMulticolor2": false,
        "grid": 0,
        "tags": [
          "Back"
        ]
      },
      "attrs": [
        {}
      ],
      "properties": {
        "order": 190,
        "id": 25,
        "name": "Back",
        "prevSize": 32,
        "code": 59654
      },
      "setIdx": 0,
      "setId": 3,
      "iconIdx": 6
    },
    {
      "icon": {
        "paths": [
          "M853.333 965.291l-150.187-290.133c-0.683 0-83.968 41.643-88.064 43.008-95.573 46.421-290.133-333.141-196.608-383.659l88.747-43.691-148.821-290.816-90.112 44.373c-307.2 160.427 180.907 1108.651 494.933 964.608 5.461-2.048 89.429-43.691 90.112-43.691z"
        ],
        "attrs": [
          {}
        ],
        "isMulticolor": false,
        "isMulticolor2": false,
        "grid": 0,
        "tags": [
          "Call"
        ]
      },
      "attrs": [
        {}
      ],
      "properties": {
        "order": 191,
        "id": 24,
        "name": "Call",
        "prevSize": 32,
        "code": 59655
      },
      "setIdx": 0,
      "setId": 3,
      "iconIdx": 7
    },
    {
      "icon": {
        "paths": [
          "M512 710.656c-96.256 0-144.043-47.787-144.043-144.043s47.787-144.043 144.043-144.043 144.043 48.469 144.043 144.043-47.787 144.043-144.043 144.043zM932.523 146.091c24.576 0 45.739 8.875 64.171 27.307s27.307 39.595 27.307 64.171v621.909c0 24.576-8.875 45.739-27.307 64.171s-39.595 27.307-64.171 27.307h-841.045c-24.576 0-45.739-8.875-64.171-27.307s-27.307-39.595-27.307-64.171v-621.909c0-24.576 8.875-45.739 27.307-64.171s39.595-27.307 64.171-27.307h201.387l73.045-73.045h292.864l73.045 73.045h200.704zM331.093 747.52c50.517 50.517 110.592 75.093 180.907 75.093s130.389-25.259 180.907-75.093 75.093-110.592 75.093-180.907-25.259-130.389-75.093-180.907-110.592-75.093-180.907-75.093-130.389 25.259-180.907 75.093-75.093 110.592-75.093 180.907 25.259 130.389 75.093 180.907z"
        ],
        "attrs": [
          {}
        ],
        "isMulticolor": false,
        "isMulticolor2": false,
        "grid": 0,
        "tags": [
          "Camera"
        ]
      },
      "attrs": [
        {}
      ],
      "properties": {
        "order": 192,
        "id": 23,
        "name": "Camera",
        "prevSize": 32,
        "code": 59656
      },
      "setIdx": 0,
      "setId": 3,
      "iconIdx": 8
    },
    {
      "icon": {
        "paths": [
          "M895.659 128.341h-767.317v768h768v-768zM909.312 0c30.037 0 56.661 11.605 79.872 34.816s34.816 49.835 34.816 79.872v794.624c0 30.037-11.605 56.661-34.816 79.872s-49.835 34.816-79.872 34.816h-794.624c-30.037 0-56.661-11.605-79.872-34.816s-34.816-49.835-34.816-79.872v-794.624c0-30.037 11.605-56.661 34.816-79.872s49.835-34.816 79.872-34.816h794.624z"
        ],
        "attrs": [
          {}
        ],
        "isMulticolor": false,
        "isMulticolor2": false,
        "grid": 0,
        "tags": [
          "Checkbox-empty"
        ]
      },
      "attrs": [
        {}
      ],
      "properties": {
        "order": 193,
        "id": 22,
        "name": "Checkbox-empty",
        "prevSize": 32,
        "code": 59657
      },
      "setIdx": 0,
      "setId": 3,
      "iconIdx": 9
    },
    {
      "icon": {
        "paths": [
          "M909.312 0c30.037 0 56.661 11.605 79.872 34.816s34.816 49.835 34.816 79.872v794.624c0 30.037-11.605 56.661-34.816 79.872s-49.835 34.816-79.872 34.816h-794.624c-30.037 0-56.661-11.605-79.872-34.816s-34.816-49.835-34.816-79.872v-794.624c0-30.037 11.605-56.661 34.816-79.872s49.835-34.816 79.872-34.816h794.624zM397.312 797.355l512-512-79.872-79.872-432.128 432.128-202.752-205.483-79.872 79.872 282.624 285.355z"
        ],
        "attrs": [
          {}
        ],
        "isMulticolor": false,
        "isMulticolor2": false,
        "grid": 0,
        "tags": [
          "Checkbox"
        ]
      },
      "attrs": [
        {}
      ],
      "properties": {
        "order": 194,
        "id": 21,
        "name": "Checkbox",
        "prevSize": 32,
        "code": 59658
      },
      "setIdx": 0,
      "setId": 3,
      "iconIdx": 10
    },
    {
      "icon": {
        "paths": [
          "M397.312 808.277l512-512-79.872-80.555-432.128 432.128-202.752-205.483-79.872 80.555z"
        ],
        "attrs": [
          {}
        ],
        "isMulticolor": false,
        "isMulticolor2": false,
        "grid": 0,
        "tags": [
          "Done"
        ]
      },
      "attrs": [
        {}
      ],
      "properties": {
        "order": 195,
        "id": 20,
        "name": "Done",
        "prevSize": 32,
        "code": 59659
      },
      "setIdx": 0,
      "setId": 3,
      "iconIdx": 11
    },
    {
      "icon": {
        "paths": [
          "M512 85.333c235.52 0 426.667 191.147 426.667 426.667s-191.147 426.667-426.667 426.667-426.667-191.147-426.667-426.667 191.147-426.667 426.667-426.667zM512 0c-282.624 0-512 229.376-512 512s229.376 512 512 512 512-229.376 512-512-229.376-512-512-512zM854.016 409.6c-6.144-18.432-13.653-36.181-21.845-53.248l-104.448 47.104c9.557 17.067 16.384 34.816 21.845 53.248l104.448-47.104zM317.44 370.688c11.605-15.019 24.576-28.672 38.912-40.96l-79.872-83.968c-14.336 12.288-27.307 25.941-38.912 40.96l79.872 83.968zM391.168 305.835c16.384-9.557 33.451-17.067 51.2-22.528l-44.373-109.227c-17.749 6.144-34.816 13.653-51.2 22.528l44.373 109.227zM273.067 460.117c5.461-18.432 12.288-36.181 21.163-53.248l-105.131-45.056c-8.192 17.067-15.701 34.816-21.163 53.248l105.131 45.056zM675.84 195.925c-16.384-8.875-34.133-16.384-51.2-21.845l-43.691 109.227c17.749 5.461 34.816 12.971 51.2 21.845l43.691-109.227zM786.432 286.72c-12.288-14.336-25.259-27.989-38.912-40.96l-80.555 83.968c14.336 12.288 27.307 25.941 38.912 40.96l80.555-83.968zM539.307 156.331c-8.875-0.683-18.432-1.365-27.307-1.365s-18.432 0.683-27.989 1.365v118.784c9.557-1.365 18.432-1.365 27.989-1.365s18.432 0.683 27.989 1.365v-118.784zM512 744.107c-55.296 0-99.669-45.056-99.669-99.669 0-37.547 21.163-70.315 51.883-87.381l47.787-226.645 48.469 226.645c30.72 17.067 51.883 49.835 51.883 87.381-0.683 55.296-45.056 99.669-100.352 99.669z"
        ],
        "attrs": [
          {}
        ],
        "isMulticolor": false,
        "isMulticolor2": false,
        "grid": 0,
        "tags": [
          "Homepage"
        ]
      },
      "attrs": [
        {}
      ],
      "properties": {
        "order": 196,
        "id": 19,
        "name": "Homepage",
        "prevSize": 32,
        "code": 59660
      },
      "setIdx": 0,
      "setId": 3,
      "iconIdx": 12
    },
    {
      "icon": {
        "paths": [
          "M128.341 768h-86.016c-23.211 0-42.325-19.115-42.325-43.008v-554.325c0-23.893 19.115-42.325 42.325-42.325h554.325c23.893 0 42.325 19.115 42.325 42.325v85.333h199.339c47.787 0 68.267 24.576 82.603 47.104 25.259 40.277 65.536 103.765 90.112 144.043 8.875 13.653 12.971 28.672 12.971 44.373v191.147c0 46.421-31.403 85.333-85.333 85.333h-42.325c0 70.315-57.344 128.341-128.341 128.341s-128.341-57.344-128.341-128.341h-256c0 70.315-57.344 128.341-128.341 128.341s-126.976-58.027-126.976-128.341zM256 716.8c27.989 0 51.2 23.211 51.2 51.2s-23.211 51.2-51.2 51.2-51.2-23.211-51.2-51.2 23.211-51.2 51.2-51.2zM768 716.8c27.989 0 51.2 23.211 51.2 51.2s-23.211 51.2-51.2 51.2-51.2-23.211-51.2-51.2 23.211-51.2 51.2-51.2zM640.341 597.333h-555.008v85.333h75.093c23.211-25.941 57.344-42.325 95.573-42.325s71.68 16.384 95.573 42.325h321.536c23.211-25.941 57.344-42.325 95.573-42.325s71.68 16.384 95.573 42.325h75.093v-195.243l-73.045-124.928c-8.192-12.971-22.528-21.163-37.547-21.163h-188.416v256zM554.325 212.992h-468.992v299.008h469.675v-299.008zM682.667 383.659v128.341h212.992l-60.757-106.496c-7.509-13.653-21.845-21.845-36.864-21.845h-115.371z"
        ],
        "attrs": [
          {}
        ],
        "isMulticolor": false,
        "isMulticolor2": false,
        "grid": 0,
        "tags": [
          "Inventory"
        ]
      },
      "attrs": [
        {}
      ],
      "properties": {
        "order": 197,
        "id": 18,
        "name": "Inventory",
        "prevSize": 32,
        "code": 59661
      },
      "setIdx": 0,
      "setId": 3,
      "iconIdx": 13
    },
    {
      "icon": {
        "paths": [
          "M512 0c178.859 0 341.333 145.408 341.333 324.267 0 266.24-272.384 294.229-341.333 699.733-68.949-404.821-341.333-433.493-341.333-699.733 0-178.859 162.475-324.267 341.333-324.267zM512 477.867c75.776 0 136.533-60.757 136.533-136.533s-60.757-136.533-136.533-136.533-136.533 60.757-136.533 136.533 60.757 136.533 136.533 136.533z"
        ],
        "attrs": [
          {}
        ],
        "isMulticolor": false,
        "isMulticolor2": false,
        "grid": 0,
        "tags": [
          "Location"
        ]
      },
      "attrs": [
        {}
      ],
      "properties": {
        "order": 198,
        "id": 17,
        "name": "Location",
        "prevSize": 32,
        "code": 59662
      },
      "setIdx": 0,
      "setId": 3,
      "iconIdx": 14
    },
    {
      "icon": {
        "paths": [
          "M34.133 443.733h955.733v136.533h-955.733v-136.533z"
        ],
        "attrs": [
          {}
        ],
        "isMulticolor": false,
        "isMulticolor2": false,
        "grid": 0,
        "tags": [
          "Minus"
        ]
      },
      "attrs": [
        {}
      ],
      "properties": {
        "order": 199,
        "id": 16,
        "name": "Minus",
        "prevSize": 32,
        "code": 59663
      },
      "setIdx": 0,
      "setId": 3,
      "iconIdx": 15
    },
    {
      "icon": {
        "paths": [
          "M383.659 383.659h256v256h-256v-256zM0 383.659h256v256h-256v-256zM768 383.659h256v256h-256v-256z"
        ],
        "attrs": [
          {}
        ],
        "isMulticolor": false,
        "isMulticolor2": false,
        "grid": 0,
        "tags": [
          "More"
        ]
      },
      "attrs": [
        {}
      ],
      "properties": {
        "order": 200,
        "id": 15,
        "name": "More",
        "prevSize": 32,
        "code": 59664
      },
      "setIdx": 0,
      "setId": 3,
      "iconIdx": 16
    },
    {
      "icon": {
        "paths": [
          "M0 383.659l1024-383.659-383.659 1024-128.341-512z"
        ],
        "attrs": [
          {}
        ],
        "isMulticolor": false,
        "isMulticolor2": false,
        "grid": 0,
        "tags": [
          "Navigate"
        ]
      },
      "attrs": [
        {}
      ],
      "properties": {
        "order": 201,
        "id": 14,
        "name": "Navigate",
        "prevSize": 32,
        "code": 59665
      },
      "setIdx": 0,
      "setId": 3,
      "iconIdx": 17
    },
    {
      "icon": {
        "paths": [
          "M337.92 741.376l-207.531-570.709h-88.064c-11.605 0-21.845-4.779-30.037-12.288-7.509-8.192-12.288-19.115-12.288-30.037 0-23.893 19.115-42.325 42.325-42.325h147.456l233.472 641.024c36.181 4.096 67.584 21.163 91.477 46.421l480.597-174.763 28.672 79.189-471.723 171.349c1.365 8.192 2.048 16.384 2.048 24.576 0 82.603-66.901 149.504-149.504 149.504s-149.504-66.901-149.504-149.504c0.683-57.344 34.133-107.861 82.603-132.437zM405.504 818.517c30.72 0 55.979 25.259 55.979 55.979s-25.259 55.979-55.979 55.979c-30.72 0-55.979-25.259-55.979-55.979s24.576-55.979 55.979-55.979zM973.483 540.672l-487.424 177.493-116.736-320.853 487.424-177.493 116.736 320.853zM601.429 403.456l-122.88 44.373 58.027 160.427 326.997-118.784-58.027-159.744-123.563 45.056 29.355 79.872-80.555 29.355-29.355-80.555zM715.435 225.963l-360.448 131.072-81.92-225.963 360.448-131.072 81.92 225.963zM582.315 109.227l-200.021 73.045 23.893 65.536 200.704-73.045-24.576-65.536z"
        ],
        "attrs": [
          {}
        ],
        "isMulticolor": false,
        "isMulticolor2": false,
        "grid": 0,
        "tags": [
          "Orders"
        ]
      },
      "attrs": [
        {}
      ],
      "properties": {
        "order": 202,
        "id": 13,
        "name": "Orders",
        "prevSize": 32,
        "code": 59666
      },
      "setIdx": 0,
      "setId": 3,
      "iconIdx": 18
    },
    {
      "icon": {
        "paths": [
          "M669.013 447.147c-43.008 43.008-95.573 64.853-157.013 64.853s-114.005-21.845-157.013-64.853c-43.008-43.008-64.853-95.573-64.853-157.013s21.845-114.005 64.853-157.013 95.573-64.853 157.013-64.853 114.005 21.845 157.013 64.853c43.008 43.008 64.853 95.573 64.853 157.013s-21.845 114.005-64.853 157.013zM220.501 685.397c101.717-41.643 199.339-62.805 291.499-62.805s189.781 20.48 291.499 61.44 152.235 94.208 152.235 161.109v110.592h-887.467v-110.592c0-66.901 50.517-119.467 152.235-159.744z"
        ],
        "attrs": [
          {
            "fill": "none",
            "strokeLinejoin": "miter",
            "strokeLinecap": "butt",
            "strokeMiterlimit": "4",
            "strokeWidth": 136.53333333333333
          }
        ],
        "isMulticolor": false,
        "isMulticolor2": false,
        "grid": 0,
        "tags": [
          "Profile"
        ]
      },
      "attrs": [
        {
          "fill": "none",
          "strokeLinejoin": "miter",
          "strokeLinecap": "butt",
          "strokeMiterlimit": "4",
          "strokeWidth": 136.53333333333333
        }
      ],
      "properties": {
        "order": 203,
        "id": 12,
        "name": "Profile",
        "prevSize": 32,
        "code": 59667
      },
      "setIdx": 0,
      "setId": 3,
      "iconIdx": 19
    },
    {
      "icon": {
        "paths": [
          "M895.659 256c23.211 0 42.325 19.115 42.325 42.325v426.667c0 23.211-19.115 42.325-42.325 42.325h-767.317c-23.211 0-42.325-19.115-42.325-42.325v-425.984c0-23.211 19.115-42.325 42.325-42.325h767.317zM895.659 170.667h-767.317c-70.997 0-128.341 57.344-128.341 128.341v426.667c0 70.997 57.344 128.341 128.341 128.341h768c70.997 0 128.341-57.344 128.341-128.341v-426.667c-0.683-70.997-58.027-128.341-129.024-128.341zM170.667 682.667v-341.333h85.333v341.333h-85.333zM682.667 682.667v-341.333h85.333v341.333h-85.333zM299.008 682.667v-341.333h42.325v341.333h-42.325zM383.659 682.667v-341.333h85.333v341.333h-85.333zM512 682.667v-341.333h42.325v341.333h-42.325zM597.333 682.667v-341.333h42.325v341.333h-42.325zM811.008 682.667v-341.333h42.325v341.333h-42.325z"
        ],
        "attrs": [
          {}
        ],
        "isMulticolor": false,
        "isMulticolor2": false,
        "grid": 0,
        "tags": [
          "QRCode"
        ]
      },
      "attrs": [
        {}
      ],
      "properties": {
        "order": 204,
        "id": 11,
        "name": "QRCode",
        "prevSize": 32,
        "code": 59668
      },
      "setIdx": 0,
      "setId": 3,
      "iconIdx": 20
    },
    {
      "icon": {
        "paths": [
          "M221.867 583.68v-75.093h532.48v75.093h-532.48zM221.867 727.040v-75.093h327.68v75.093h-327.68zM221.867 877.227v-75.093h409.6v75.093h-409.6zM221.867 433.493v-68.267h286.72v75.093h-286.72v-6.827zM890.88 71.68c20.48 0 34.133 6.827 47.787 20.48 13.653 6.827 20.48 20.48 20.48 40.96v826.027c0 20.48-6.827 34.133-20.48 47.787s-27.307 20.48-47.787 20.48h-757.76c-20.48 0-34.133-6.827-47.787-20.48s-20.48-27.307-20.48-47.787v-826.027c0-20.48 6.827-34.133 20.48-47.787s27.307-13.653 47.787-13.653h184.32v27.307c0 13.653-6.827 20.48-13.653 34.133-6.827 6.827-20.48 6.827-34.133 6.827h-95.573c-20.48 0-27.307 6.827-27.307 27.307v744.107c0 20.48 6.827 27.307 27.307 27.307h675.84c20.48 0 27.307-6.827 27.307-27.307v-737.28c0-20.48-6.827-27.307-27.307-27.307h-102.4c-13.653 0-27.307-6.827-34.133-13.653s-13.653-20.48-13.653-34.133v-27.307h191.147zM508.587 71.68c-20.48 0-34.133 6.827-34.133 27.307 0 27.307 13.653 34.133 34.133 34.133s34.133-6.827 34.133-34.133c0-20.48-13.653-27.307-34.133-27.307zM262.827 290.133c6.827-54.613 27.307-81.92 75.093-95.573v0c34.133-6.827 54.613-20.48 54.613-47.787v-47.787c0-27.307 13.653-54.613 34.133-75.093 20.48-13.653 47.787-27.307 81.92-27.307s61.44 13.653 81.92 34.133 34.133 40.96 34.133 68.267v47.787c0 27.307 20.48 40.96 54.613 47.787h6.827c40.96 13.653 61.44 40.96 68.267 88.747h-491.52v6.827z"
        ],
        "attrs": [
          {}
        ],
        "isMulticolor": false,
        "isMulticolor2": false,
        "grid": 0,
        "tags": [
          "Report issue"
        ]
      },
      "attrs": [
        {}
      ],
      "properties": {
        "order": 205,
        "id": 10,
        "name": "Report-issue",
        "prevSize": 32,
        "code": 59669
      },
      "setIdx": 0,
      "setId": 3,
      "iconIdx": 21
    },
    {
      "icon": {
        "paths": [
          "M153.6 0h716.8c84.651 0 153.6 68.949 153.6 153.6v716.8c0 84.651-68.949 153.6-153.6 153.6h-716.8c-84.651 0-153.6-68.949-153.6-153.6v-716.8c0-84.651 68.949-153.6 153.6-153.6zM751.616 256l-304.469 311.979-141.995-135.168-100.352 99.669 242.347 235.52 404.139-411.648-99.669-100.352z"
        ],
        "attrs": [
          {}
        ],
        "isMulticolor": false,
        "isMulticolor2": false,
        "grid": 0,
        "tags": [
          "Route-done"
        ]
      },
      "attrs": [
        {}
      ],
      "properties": {
        "order": 206,
        "id": 9,
        "name": "Route-done",
        "prevSize": 32,
        "code": 59670
      },
      "setIdx": 0,
      "setId": 3,
      "iconIdx": 22
    },
    {
      "icon": {
        "paths": [
          "M153.6 0h716.8c84.651 0 153.6 68.949 153.6 153.6v716.8c0 84.651-68.949 153.6-153.6 153.6h-716.8c-84.651 0-153.6-68.949-153.6-153.6v-716.8c0-84.651 68.949-153.6 153.6-153.6zM153.6 486.059l307.2 76.459 77.141 307.2 230.059-614.4-614.4 230.741z"
        ],
        "attrs": [
          {}
        ],
        "isMulticolor": false,
        "isMulticolor2": false,
        "grid": 0,
        "tags": [
          "Route-Nav"
        ]
      },
      "attrs": [
        {}
      ],
      "properties": {
        "order": 207,
        "id": 8,
        "name": "Route-Nav",
        "prevSize": 32,
        "code": 59671
      },
      "setIdx": 0,
      "setId": 3,
      "iconIdx": 23
    },
    {
      "icon": {
        "paths": [
          "M153.6 0h716.8c84.651 0 153.6 68.949 153.6 153.6v716.8c0 84.651-68.949 153.6-153.6 153.6h-716.8c-84.651 0-153.6-68.949-153.6-153.6v-716.8c0-84.651 68.949-153.6 153.6-153.6zM460.8 435.541c0 27.307 23.893 51.2 51.2 51.2s51.2-23.893 51.2-51.2v-28.672l-26.624-125.611h-49.152l-26.624 125.611v28.672zM588.459 435.541c0 27.307 23.893 51.2 51.2 51.2s51.2-21.163 51.2-48.469v-28.672l-76.459-128.341h-49.835l23.893 125.611v28.672zM333.141 436.907c0 27.307 23.893 49.152 51.2 49.152s51.2-21.845 51.2-49.152v-27.989l23.893-126.976h-49.835l-76.459 126.976v27.989zM230.741 512v307.2h563.2v-307.2h-563.2zM307.2 436.907v-27.989l73.728-126.976h-51.2l-124.928 126.976v27.989c0 27.307 23.893 49.152 51.2 49.152s51.2-21.845 51.2-49.152zM694.272 281.259h-51.2l73.728 125.611v27.989c0 27.307 23.893 51.2 51.2 51.2s51.2-21.845 51.2-49.152v-27.989l-124.928-127.659zM690.859 204.8h-357.717v51.2h358.4v-51.2zM281.259 563.2h460.8v153.6h-460.8v-153.6z"
        ],
        "attrs": [
          {}
        ],
        "isMulticolor": false,
        "isMulticolor2": false,
        "grid": 0,
        "tags": [
          "Route-Store"
        ]
      },
      "attrs": [
        {}
      ],
      "properties": {
        "order": 208,
        "id": 7,
        "name": "Route-Store",
        "prevSize": 32,
        "code": 59672
      },
      "setIdx": 0,
      "setId": 3,
      "iconIdx": 24
    },
    {
      "icon": {
        "paths": [
          "M768 0c-134.485 0-256 109.227-256 243.029 0 200.021 204.117 221.184 256 524.971 51.883-303.787 256-324.949 256-524.971 0-133.803-121.515-243.029-256-243.029zM768 341.333c-47.104 0-85.333-38.229-85.333-85.333s38.229-85.333 85.333-85.333 85.333 38.229 85.333 85.333-38.229 85.333-85.333 85.333zM256 212.992c-89.429 0-170.667 72.363-170.667 162.475 0 133.12 135.851 147.456 170.667 349.525 34.816-202.752 170.667-216.405 170.667-349.525 0-89.429-81.237-162.475-170.667-162.475zM256 441.003c-31.403 0-56.661-25.259-56.661-56.661s25.259-56.661 56.661-56.661 56.661 25.259 56.661 56.661c0 31.403-25.259 56.661-56.661 56.661zM512 687.445l-137.216-46.421c15.701-26.624 33.451-47.787 53.248-71.68l83.968 27.989 81.92-27.307c16.384 22.528 32.085 46.421 46.421 74.411l-128.341 43.008zM737.963 920.235l-225.963 103.765-238.251-103.765-273.749 103.765 154.283-347.477c12.971 32.768 23.893 75.776 25.259 152.917l-19.115 42.325 115.371-43.691 205.483 89.429 32.085-159.061 30.72 157.013 189.781-87.381 132.437 47.787-19.797-45.056c1.365-17.067 2.731-33.451 5.461-49.152 6.144-36.181 15.019-66.901 25.259-94.208l146.773 336.555-286.037-103.765z"
        ],
        "attrs": [
          {}
        ],
        "isMulticolor": false,
        "isMulticolor2": false,
        "grid": 0,
        "tags": [
          "Route"
        ]
      },
      "attrs": [
        {}
      ],
      "properties": {
        "order": 209,
        "id": 6,
        "name": "Route",
        "prevSize": 32,
        "code": 59673
      },
      "setIdx": 0,
      "setId": 3,
      "iconIdx": 25
    },
    {
      "icon": {
        "paths": [
          "M746.837 623.957l-10.923 18.432 288.085 290.816-90.795 90.795-288.085-290.816-18.432 13.653c-70.997 44.373-144.725 66.901-221.184 66.901-111.957 0-207.531-40.277-286.72-120.149s-118.784-176.128-118.784-288.085 39.595-207.531 118.784-286.72 174.763-118.784 286.72-118.784 207.531 39.595 286.72 118.784 118.784 174.763 118.784 286.72c0 77.824-21.845 150.869-64.171 218.453zM607.573 201.387c-55.979-55.979-123.563-83.968-203.435-83.968s-147.456 27.989-203.435 83.968-83.285 124.245-83.285 204.117 27.989 148.139 83.968 204.117c55.979 55.979 123.563 83.968 203.435 83.968s146.773-27.989 202.752-83.968c57.344-57.344 86.016-125.611 86.016-204.117s-28.672-146.773-86.016-204.117z"
        ],
        "attrs": [
          {}
        ],
        "isMulticolor": false,
        "isMulticolor2": false,
        "grid": 0,
        "tags": [
          "Search"
        ]
      },
      "attrs": [
        {}
      ],
      "properties": {
        "order": 210,
        "id": 5,
        "name": "Search",
        "prevSize": 32,
        "code": 59674
      },
      "setIdx": 0,
      "setId": 3,
      "iconIdx": 26
    },
    {
      "icon": {
        "paths": [
          "M512 25.259l120.832 372.053h391.168l-316.757 229.376 121.515 372.053-316.757-229.376-316.757 229.376 121.515-372.053-316.757-229.376h391.168z"
        ],
        "attrs": [
          {}
        ],
        "isMulticolor": false,
        "isMulticolor2": false,
        "grid": 0,
        "tags": [
          "Star"
        ]
      },
      "attrs": [
        {}
      ],
      "properties": {
        "order": 211,
        "id": 4,
        "name": "Star",
        "prevSize": 32,
        "code": 59675
      },
      "setIdx": 0,
      "setId": 3,
      "iconIdx": 27
    },
    {
      "icon": {
        "paths": [
          "M426.667 383.659v-46.421l44.373-208.896h81.237l45.056 208.896v47.104c0 45.739-39.595 85.333-85.333 85.333s-85.333-40.277-85.333-86.016zM640.341 383.659c0 45.739 39.595 85.333 85.333 85.333s85.333-35.499 85.333-81.237v-46.421l-128.341-212.992h-82.603l40.277 208.896v46.421zM212.992 387.072c0 45.739 39.595 82.603 85.333 82.603s85.333-36.864 85.333-82.603v-47.104l40.277-212.309h-82.603l-128.341 212.309v47.104zM42.325 512h938.667v512h-938.667v-512zM128.341 853.333h768v-256h-768v256zM170.667 387.072v-47.104l122.88-212.309h-85.333l-208.213 212.309v47.104c0 45.739 39.595 82.603 85.333 82.603s85.333-37.547 85.333-82.603zM815.787 128.341h-85.333l122.88 208.896v47.104c0 45.739 39.595 85.333 85.333 85.333s85.333-36.864 85.333-82.603v-47.104l-208.213-211.627zM811.008 0h-598.016v85.333h597.333v-85.333z"
        ],
        "attrs": [
          {}
        ],
        "isMulticolor": false,
        "isMulticolor2": false,
        "grid": 0,
        "tags": [
          "Store"
        ]
      },
      "attrs": [
        {}
      ],
      "properties": {
        "order": 212,
        "id": 3,
        "name": "Store",
        "prevSize": 32,
        "code": 59676
      },
      "setIdx": 0,
      "setId": 3,
      "iconIdx": 28
    },
    {
      "icon": {
        "paths": [
          "M512 139.264c100.352 0 186.368 36.864 258.048 109.909s107.861 160.427 107.861 262.827c0 73.045-19.115 139.264-57.344 198.656l-66.219-68.267c21.163-39.595 32.085-83.285 32.085-130.389 0-76.459-27.307-141.995-81.237-196.608s-118.784-81.92-193.195-81.92v139.264l-182.955-187.733 182.955-185.003v139.264zM512 790.528v-139.264l182.955 187.733-182.955 185.003v-139.264c-100.352 0-186.368-36.864-258.048-109.909s-107.861-160.427-107.861-262.827c0-76.459 19.115-142.677 57.344-198.656l66.219 68.267c-21.163 39.595-32.085 83.285-32.085 130.389 0 76.459 27.307 141.995 81.237 196.608s118.784 81.92 193.195 81.92z"
        ],
        "attrs": [
          {}
        ],
        "isMulticolor": false,
        "isMulticolor2": false,
        "grid": 0,
        "tags": [
          "Sync"
        ]
      },
      "attrs": [
        {}
      ],
      "properties": {
        "order": 213,
        "id": 2,
        "name": "Sync",
        "prevSize": 32,
        "code": 59677
      },
      "setIdx": 0,
      "setId": 3,
      "iconIdx": 29
    },
    {
      "icon": {
        "paths": [
          "M843.776 341.333c-32.085 0-55.296 23.211-55.296 50.517v87.381c0 147.456-124.245 272.384-276.48 272.384s-281.259-124.245-281.259-271.701v-88.064c0-27.307-23.211-50.517-50.517-50.517s-51.2 23.211-51.2 50.517v87.381c0 189.099 142.677 341.333 327.68 369.323v73.728h-83.285c-32.085 0-55.296 18.432-55.296 50.517s23.211 51.2 55.296 51.2h276.48c27.989 0 55.296-23.211 55.296-50.517s-27.989-50.517-55.296-50.517h-87.381v-73.728c189.099-27.989 331.776-180.224 331.776-369.323v-88.064c0.683-27.307-22.528-50.517-50.517-50.517zM512 650.581c92.16 0 170.667-78.507 170.667-170.667v-309.248c0-96.939-73.728-170.667-170.667-170.667s-170.667 73.728-170.667 170.667v309.248c0 92.16 78.507 170.667 170.667 170.667z"
        ],
        "attrs": [
          {}
        ],
        "isMulticolor": false,
        "isMulticolor2": false,
        "grid": 0,
        "tags": [
          "Voice"
        ]
      },
      "attrs": [
        {}
      ],
      "properties": {
        "order": 214,
        "id": 1,
        "name": "Voice",
        "prevSize": 32,
        "code": 59678
      },
      "setIdx": 0,
      "setId": 3,
      "iconIdx": 30
    },
    {
      "icon": {
        "paths": [
          "M843.776 342.016c-32.085 0-55.296 23.211-55.296 50.517v87.381c0 147.456-124.245 272.384-276.48 272.384s-281.259-124.245-281.259-272.384v-87.381c0-27.989-23.211-50.517-50.517-50.517-27.989 0-50.517 23.211-50.517 50.517v87.381c0 189.099 142.677 341.333 327.68 369.323v73.728h-83.968c-32.085 0-55.296 18.432-55.296 50.517s23.211 50.517 55.296 50.517h276.48c27.989 0 55.296-23.211 55.296-50.517 0-27.989-27.989-50.517-55.296-50.517h-87.381v-73.728c189.099-27.989 331.776-180.224 331.776-369.323v-87.381c0.683-27.307-22.528-50.517-50.517-50.517z",
          "M512 651.264c92.16 0 170.667-78.507 170.667-170.667v-309.248c0-97.621-73.045-170.667-170.667-170.667s-170.667 73.728-170.667 170.667v309.248c0 92.16 78.507 170.667 170.667 170.667zM430.080 171.349c0-48.469 33.451-81.92 81.92-81.92s81.92 33.451 81.92 81.92v309.248c0 43.008-38.912 81.92-81.92 81.92s-81.92-38.912-81.92-81.92v-309.248z"
        ],
        "attrs": [
          {},
          {}
        ],
        "isMulticolor": false,
        "isMulticolor2": false,
        "grid": 0,
        "tags": [
          "Voiceinput"
        ]
      },
      "attrs": [
        {},
        {}
      ],
      "properties": {
        "order": 215,
        "id": 0,
        "name": "Voiceinput",
        "prevSize": 32,
        "code": 59679
      },
      "setIdx": 0,
      "setId": 3,
      "iconIdx": 31
    }
  ],
  "height": 1024,
  "metadata": {
    "name": "GTM_iconfont"
  },
  "preferences": {
    "showGlyphs": true,
    "showQuickUse": true,
    "showQuickUse2": true,
    "showSVGs": true,
    "fontPref": {
      "prefix": "GTM_icon_",
      "metadata": {
        "fontFamily": "GTM_iconfont",
        "majorVersion": 1,
        "minorVersion": 0
      },
      "metrics": {
        "emSize": 1024,
        "baseline": 6.25,
        "whitespace": 50
      },
      "embed": false,
      "ie7": true,
      "noie8": false,
      "showSelector": false,
      "showMetrics": false,
      "showMetadata": false,
      "showVersion": false
    },
    "imagePref": {
      "prefix": "icon-",
      "png": true,
      "useClassSelector": true,
      "color": 0,
      "bgColor": 16777215,
      "classSelector": ".icon",
      "name": "icomoon"
    },
    "historySize": 50,
    "showCodes": true,
    "gridSize": 16
  }
}